Id,Source,Target,Type,Weight
0,30,65,Directed,1
1,30,80,Directed,1
2,30,87,Directed,1
3,30,99,Directed,2
4,30,120,Directed,1
5,30,128,Directed,1
6,30,129,Directed,1
7,30,130,Directed,1
8,30,365,Directed,1
9,30,366,Directed,1
10,30,751,Directed,1
11,30,792,Directed,1
12,30,841,Directed,1
13,30,842,Directed,1
14,30,935,Directed,1
15,36,37,Directed,1
16,36,38,Directed,1
17,36,39,Directed,1
18,37,38,Directed,1
19,37,39,Directed,1
20,38,39,Directed,1
21,38,158,Directed,1
22,38,434,Directed,1
23,41,109,Directed,1
24,41,429,Directed,1
25,41,962,Directed,1
26,42,43,Directed,1
27,42,44,Directed,1
28,42,45,Directed,4
29,42,46,Directed,1
30,42,324,Directed,4
31,42,607,Directed,1
32,43,44,Directed,1
33,43,45,Directed,2
34,43,46,Directed,1
35,43,965,Directed,1
36,43,966,Directed,1
37,44,45,Directed,2
38,44,46,Directed,2
39,44,958,Directed,1
40,44,959,Directed,1
41,44,1091,Directed,1
42,44,1092,Directed,1
43,45,46,Directed,1
44,45,123,Directed,1
45,45,215,Directed,2
46,45,324,Directed,4
47,45,607,Directed,1
48,45,822,Directed,1
49,45,851,Directed,1
50,45,958,Directed,1
51,45,959,Directed,1
52,45,965,Directed,1
53,45,966,Directed,1
54,45,1181,Directed,1
55,45,1208,Directed,1
56,47,59,Directed,1
57,47,114,Directed,1
58,47,137,Directed,1
59,47,181,Directed,1
60,47,235,Directed,1
61,47,236,Directed,1
62,47,314,Directed,1
63,47,380,Directed,1
64,47,474,Directed,1
65,47,535,Directed,1
66,47,536,Directed,1
67,47,550,Directed,1
68,47,691,Directed,1
69,47,692,Directed,1
70,47,693,Directed,1
71,47,694,Directed,1
72,47,695,Directed,1
73,47,701,Directed,1
74,47,742,Directed,1
75,47,795,Directed,1
76,47,826,Directed,1
77,47,833,Directed,1
78,47,834,Directed,1
79,47,835,Directed,1
80,47,947,Directed,1
81,47,948,Directed,1
82,48,86,Directed,1
83,48,109,Directed,1
84,48,134,Directed,1
85,48,164,Directed,1
86,48,245,Directed,1
87,48,429,Directed,1
88,48,542,Directed,1
89,48,963,Directed,1
90,53,54,Directed,3
91,53,223,Directed,2
92,53,231,Directed,1
93,53,232,Directed,1
94,53,322,Directed,1
95,53,325,Directed,1
96,53,385,Directed,1
97,53,814,Directed,1
98,53,1130,Directed,1
99,54,55,Directed,1
100,54,185,Directed,1
101,54,223,Directed,4
102,54,231,Directed,1
103,54,232,Directed,1
104,54,327,Directed,1
105,54,385,Directed,1
106,54,386,Directed,1
107,54,426,Directed,1
108,54,736,Directed,1
109,54,814,Directed,1
110,54,1033,Directed,1
111,54,1034,Directed,1
112,54,1242,Directed,1
113,55,77,Directed,1
114,55,78,Directed,1
115,55,292,Directed,1
116,55,311,Directed,1
117,55,312,Directed,1
118,55,374,Directed,1
119,55,375,Directed,1
120,55,376,Directed,1
121,55,405,Directed,1
122,55,406,Directed,1
123,55,414,Directed,1
124,55,555,Directed,1
125,55,556,Directed,1
126,55,557,Directed,1
127,55,558,Directed,1
128,55,559,Directed,1
129,55,560,Directed,1
130,55,817,Directed,1
131,55,818,Directed,1
132,55,819,Directed,1
133,55,820,Directed,1
134,55,822,Directed,4
135,55,888,Directed,1
136,55,889,Directed,1
137,59,114,Directed,1
138,59,137,Directed,3
139,59,139,Directed,1
140,59,192,Directed,1
141,59,200,Directed,2
142,59,202,Directed,1
143,59,203,Directed,1
144,59,224,Directed,1
145,59,252,Directed,1
146,59,253,Directed,1
147,59,314,Directed,1
148,59,474,Directed,1
149,59,634,Directed,1
150,59,701,Directed,1
151,59,748,Directed,1
152,59,1025,Directed,1
153,59,1065,Directed,1
154,59,1066,Directed,1
155,59,1067,Directed,1
156,59,1068,Directed,1
157,59,1069,Directed,1
158,59,1070,Directed,1
159,62,63,Directed,1
160,63,209,Directed,1
161,63,779,Directed,1
162,63,953,Directed,3
163,65,79,Directed,1
164,65,80,Directed,2
165,65,87,Directed,1
166,65,411,Directed,1
167,65,637,Directed,1
168,65,786,Directed,1
169,65,841,Directed,1
170,65,842,Directed,1
171,68,69,Directed,1
172,68,70,Directed,1
173,68,98,Directed,1
174,68,158,Directed,1
175,68,235,Directed,1
176,68,245,Directed,1
177,68,661,Directed,1
178,68,664,Directed,1
179,68,751,Directed,1
180,68,1061,Directed,1
181,68,1238,Directed,1
182,69,70,Directed,1
183,70,76,Directed,1
184,70,87,Directed,2
185,70,384,Directed,1
186,70,736,Directed,1
187,70,887,Directed,1
188,70,919,Directed,1
189,74,290,Directed,1
190,74,306,Directed,1
191,74,1148,Directed,1
192,77,78,Directed,1
193,78,327,Directed,1
194,78,328,Directed,1
195,79,80,Directed,1
196,79,177,Directed,1
197,80,87,Directed,1
198,80,99,Directed,1
199,80,365,Directed,1
200,80,366,Directed,1
201,80,960,Directed,1
202,81,369,Directed,1
203,81,468,Directed,1
204,81,527,Directed,1
205,81,570,Directed,2
206,81,765,Directed,1
207,81,766,Directed,1
208,81,767,Directed,1
209,81,969,Directed,1
210,81,1003,Directed,1
211,81,1012,Directed,1
212,81,1245,Directed,1
213,81,1303,Directed,1
214,81,1304,Directed,1
215,81,1305,Directed,1
216,86,109,Directed,1
217,86,164,Directed,1
218,86,429,Directed,1
219,86,523,Directed,1
220,86,524,Directed,1
221,86,585,Directed,1
222,86,897,Directed,1
223,87,99,Directed,1
224,87,133,Directed,1
225,87,224,Directed,1
226,87,236,Directed,1
227,87,365,Directed,1
228,87,366,Directed,1
229,87,384,Directed,1
230,87,540,Directed,1
231,87,541,Directed,5
232,87,667,Directed,1
233,87,668,Directed,1
234,87,669,Directed,1
235,87,687,Directed,1
236,87,736,Directed,1
237,87,887,Directed,1
238,87,919,Directed,1
239,87,996,Directed,1
240,87,1027,Directed,1
241,87,1040,Directed,1
242,87,1232,Directed,1
243,99,100,Directed,1
244,99,128,Directed,1
245,99,129,Directed,1
246,99,239,Directed,1
247,99,365,Directed,1
248,99,366,Directed,1
249,99,448,Directed,1
250,101,146,Directed,1
251,101,1051,Directed,1
252,109,164,Directed,1
253,109,429,Directed,3
254,109,1020,Directed,1
255,110,327,Directed,2
256,110,685,Directed,2
257,110,686,Directed,1
258,110,977,Directed,1
259,110,978,Directed,1
260,110,979,Directed,1
261,110,980,Directed,1
262,112,113,Directed,1
263,112,114,Directed,1
264,112,115,Directed,1
265,112,116,Directed,1
266,112,117,Directed,1
267,112,118,Directed,1
268,113,114,Directed,2
269,113,115,Directed,1
270,113,116,Directed,1
271,113,117,Directed,2
272,113,118,Directed,1
273,114,115,Directed,1
274,114,116,Directed,1
275,114,117,Directed,2
276,114,118,Directed,3
277,114,137,Directed,3
278,114,155,Directed,4
279,114,156,Directed,1
280,114,181,Directed,1
281,114,197,Directed,4
282,114,199,Directed,1
283,114,200,Directed,1
284,114,201,Directed,1
285,114,224,Directed,3
286,114,248,Directed,1
287,114,323,Directed,1
288,114,334,Directed,1
289,114,384,Directed,1
290,114,473,Directed,1
291,114,474,Directed,1
292,114,475,Directed,1
293,114,476,Directed,1
294,114,477,Directed,1
295,114,478,Directed,1
296,114,479,Directed,1
297,114,485,Directed,1
298,114,634,Directed,1
299,114,692,Directed,1
300,114,775,Directed,1
301,114,784,Directed,2
302,114,785,Directed,2
303,114,794,Directed,1
304,114,795,Directed,1
305,114,912,Directed,1
306,114,968,Directed,1
307,114,1050,Directed,1
308,114,1065,Directed,1
309,114,1066,Directed,1
310,114,1067,Directed,1
311,114,1068,Directed,1
312,114,1069,Directed,1
313,114,1070,Directed,1
314,114,1132,Directed,1
315,114,1152,Directed,1
316,114,1153,Directed,1
317,114,1306,Directed,1
318,114,1307,Directed,1
319,115,116,Directed,1
320,115,117,Directed,1
321,115,118,Directed,1
322,116,117,Directed,1
323,116,118,Directed,1
324,117,118,Directed,1
325,117,119,Directed,1
326,117,137,Directed,1
327,117,139,Directed,1
328,117,197,Directed,2
329,117,199,Directed,1
330,117,201,Directed,1
331,117,225,Directed,1
332,117,237,Directed,1
333,117,248,Directed,1
334,117,249,Directed,1
335,117,384,Directed,1
336,117,470,Directed,1
337,117,472,Directed,1
338,117,476,Directed,1
339,117,480,Directed,1
340,117,481,Directed,1
341,117,482,Directed,1
342,117,483,Directed,1
343,117,484,Directed,1
344,117,670,Directed,1
345,117,671,Directed,1
346,118,784,Directed,1
347,118,785,Directed,1
348,118,912,Directed,1
349,119,132,Directed,1
350,119,224,Directed,1
351,119,225,Directed,1
352,120,121,Directed,1
353,120,122,Directed,1
354,120,123,Directed,1
355,120,124,Directed,1
356,120,130,Directed,1
357,120,466,Directed,1
358,120,467,Directed,1
359,120,1080,Directed,1
360,120,1081,Directed,1
361,120,1082,Directed,1
362,121,122,Directed,1
363,121,123,Directed,1
364,121,124,Directed,1
365,121,125,Directed,1
366,122,123,Directed,1
367,122,124,Directed,1
368,122,305,Directed,1
369,122,1227,Directed,1
370,122,1228,Directed,1
371,123,124,Directed,1
372,125,126,Directed,1
373,125,127,Directed,1
374,126,127,Directed,1
375,128,129,Directed,1
376,130,189,Directed,1
377,130,643,Directed,1
378,130,644,Directed,1
379,130,645,Directed,1
380,130,930,Directed,1
381,131,222,Directed,1
382,133,236,Directed,1
383,136,137,Directed,1
384,136,138,Directed,1
385,136,139,Directed,1
386,136,140,Directed,1
387,137,138,Directed,1
388,137,139,Directed,3
389,137,140,Directed,1
390,137,154,Directed,1
391,137,155,Directed,2
392,137,156,Directed,1
393,137,197,Directed,3
394,137,198,Directed,1
395,137,200,Directed,1
396,137,202,Directed,2
397,137,203,Directed,1
398,137,224,Directed,1
399,137,248,Directed,1
400,137,249,Directed,1
401,137,314,Directed,2
402,137,474,Directed,1
403,137,497,Directed,1
404,137,634,Directed,1
405,137,701,Directed,1
406,137,1065,Directed,1
407,137,1066,Directed,1
408,137,1067,Directed,2
409,137,1068,Directed,1
410,137,1069,Directed,1
411,137,1070,Directed,2
412,138,139,Directed,1
413,138,140,Directed,1
414,139,140,Directed,1
415,139,155,Directed,1
416,139,191,Directed,1
417,139,202,Directed,1
418,139,203,Directed,1
419,139,248,Directed,1
420,139,634,Directed,1
421,139,790,Directed,1
422,139,810,Directed,1
423,139,941,Directed,1
424,139,942,Directed,1
425,139,943,Directed,1
426,139,944,Directed,1
427,139,1067,Directed,1
428,139,1070,Directed,1
429,140,367,Directed,1
430,140,390,Directed,1
431,140,605,Directed,1
432,140,736,Directed,1
433,140,1221,Directed,1
434,146,147,Directed,1
435,146,401,Directed,1
436,146,702,Directed,1
437,146,703,Directed,2
438,146,704,Directed,1
439,146,709,Directed,1
440,146,1051,Directed,1
441,154,155,Directed,1
442,154,156,Directed,1
443,155,156,Directed,1
444,155,197,Directed,1
445,155,384,Directed,1
446,155,692,Directed,1
447,155,784,Directed,1
448,155,785,Directed,1
449,155,794,Directed,1
450,155,795,Directed,1
451,155,1152,Directed,1
452,155,1153,Directed,1
453,157,158,Directed,1
454,158,245,Directed,1
455,158,434,Directed,1
456,158,751,Directed,1
457,158,1061,Directed,1
458,164,429,Directed,1
459,165,166,Directed,1
460,165,167,Directed,1
461,165,424,Directed,1
462,165,425,Directed,1
463,165,607,Directed,1
464,166,167,Directed,1
465,180,185,Directed,1
466,181,681,Directed,1
467,181,775,Directed,1
468,181,985,Directed,1
469,181,1089,Directed,1
470,184,185,Directed,1
471,184,186,Directed,1
472,185,186,Directed,4
473,185,545,Directed,1
474,185,880,Directed,1
475,186,545,Directed,1
476,187,188,Directed,1
477,187,189,Directed,1
478,187,411,Directed,4
479,187,415,Directed,1
480,187,772,Directed,1
481,187,838,Directed,1
482,187,853,Directed,1
483,187,961,Directed,1
484,188,189,Directed,1
485,189,643,Directed,1
486,189,644,Directed,1
487,189,645,Directed,1
488,189,1002,Directed,1
489,191,192,Directed,1
490,191,248,Directed,1
491,191,634,Directed,1
492,191,790,Directed,1
493,191,941,Directed,1
494,191,942,Directed,1
495,191,943,Directed,1
496,191,944,Directed,1
497,192,748,Directed,1
498,197,198,Directed,1
499,197,199,Directed,1
500,197,224,Directed,1
501,197,248,Directed,2
502,197,249,Directed,1
503,197,334,Directed,1
504,197,384,Directed,2
505,197,485,Directed,1
506,197,784,Directed,1
507,197,785,Directed,1
508,197,794,Directed,1
509,197,795,Directed,1
510,199,200,Directed,1
511,199,201,Directed,2
512,199,364,Directed,1
513,199,384,Directed,1
514,199,868,Directed,1
515,200,201,Directed,1
516,200,252,Directed,1
517,200,253,Directed,1
518,200,1025,Directed,1
519,201,237,Directed,1
520,201,670,Directed,1
521,201,671,Directed,1
522,202,203,Directed,1
523,203,563,Directed,1
524,203,1099,Directed,1
525,203,1100,Directed,1
526,203,1101,Directed,1
527,203,1102,Directed,1
528,208,209,Directed,1
529,210,211,Directed,1
530,210,212,Directed,1
531,210,213,Directed,1
532,210,316,Directed,1
533,210,317,Directed,1
534,211,212,Directed,1
535,211,213,Directed,1
536,212,213,Directed,1
537,213,364,Directed,1
538,213,602,Directed,1
539,216,217,Directed,1
540,216,218,Directed,1
541,216,266,Directed,1
542,216,272,Directed,1
543,216,974,Directed,1
544,216,975,Directed,1
545,216,976,Directed,1
546,217,218,Directed,1
547,217,814,Directed,1
548,219,220,Directed,1
549,220,270,Directed,1
550,220,384,Directed,1
551,220,527,Directed,1
552,220,689,Directed,1
553,222,277,Directed,1
554,222,283,Directed,1
555,222,284,Directed,1
556,222,285,Directed,2
557,222,286,Directed,2
558,222,287,Directed,1
559,222,743,Directed,1
560,222,744,Directed,1
561,222,745,Directed,1
562,222,746,Directed,1
563,222,747,Directed,1
564,223,231,Directed,1
565,223,232,Directed,1
566,223,302,Directed,1
567,223,464,Directed,2
568,223,1130,Directed,1
569,223,1174,Directed,1
570,224,334,Directed,1
571,224,541,Directed,1
572,224,634,Directed,1
573,224,775,Directed,1
574,224,1065,Directed,1
575,224,1066,Directed,1
576,224,1067,Directed,1
577,224,1068,Directed,1
578,224,1069,Directed,1
579,224,1070,Directed,1
580,226,402,Directed,1
581,226,574,Directed,1
582,227,228,Directed,1
583,227,229,Directed,1
584,227,742,Directed,1
585,227,769,Directed,1
586,227,770,Directed,1
587,227,771,Directed,1
588,227,772,Directed,1
589,227,773,Directed,2
590,227,774,Directed,1
591,228,229,Directed,1
592,231,232,Directed,1
593,235,236,Directed,1
594,235,245,Directed,1
595,235,661,Directed,1
596,236,280,Directed,1
597,236,663,Directed,1
598,236,778,Directed,1
599,236,779,Directed,1
600,237,670,Directed,1
601,237,671,Directed,2
602,238,239,Directed,1
603,239,446,Directed,1
604,239,447,Directed,1
605,239,466,Directed,1
606,239,467,Directed,2
607,239,486,Directed,1
608,245,751,Directed,1
609,245,1061,Directed,1
610,248,249,Directed,1
611,248,485,Directed,1
612,248,634,Directed,1
613,248,790,Directed,1
614,248,941,Directed,1
615,248,942,Directed,1
616,248,943,Directed,1
617,248,944,Directed,1
618,252,253,Directed,1
619,266,272,Directed,1
620,266,974,Directed,1
621,266,975,Directed,1
622,266,976,Directed,1
623,270,342,Directed,1
624,272,974,Directed,1
625,272,975,Directed,1
626,272,976,Directed,1
627,277,743,Directed,1
628,277,744,Directed,1
629,277,745,Directed,1
630,277,746,Directed,1
631,277,747,Directed,1
632,280,663,Directed,1
633,282,607,Directed,1
634,283,284,Directed,1
635,283,285,Directed,1
636,283,286,Directed,1
637,284,285,Directed,1
638,284,286,Directed,1
639,285,286,Directed,2
640,285,287,Directed,1
641,285,294,Directed,1
642,285,909,Directed,1
643,286,287,Directed,1
644,287,453,Directed,1
645,287,454,Directed,1
646,287,455,Directed,1
647,287,456,Directed,1
648,287,457,Directed,1
649,288,289,Directed,1
650,288,290,Directed,1
651,288,291,Directed,1
652,288,292,Directed,1
653,288,293,Directed,1
654,289,290,Directed,1
655,289,291,Directed,1
656,289,292,Directed,1
657,289,293,Directed,1
658,290,291,Directed,1
659,290,292,Directed,1
660,290,293,Directed,1
661,290,306,Directed,1
662,291,292,Directed,1
663,291,293,Directed,1
664,292,293,Directed,1
665,292,310,Directed,1
666,292,311,Directed,1
667,292,312,Directed,1
668,301,302,Directed,1
669,301,303,Directed,1
670,301,304,Directed,1
671,302,303,Directed,1
672,302,304,Directed,1
673,302,401,Directed,1
674,302,402,Directed,1
675,302,403,Directed,1
676,302,404,Directed,1
677,302,716,Directed,1
678,303,304,Directed,1
679,306,307,Directed,2
680,306,313,Directed,1
681,306,407,Directed,1
682,306,408,Directed,1
683,306,409,Directed,1
684,311,312,Directed,1
685,314,474,Directed,1
686,314,497,Directed,1
687,314,701,Directed,1
688,316,317,Directed,1
689,324,1208,Directed,1
690,325,341,Directed,1
691,325,441,Directed,1
692,325,454,Directed,1
693,325,872,Directed,1
694,325,873,Directed,1
695,325,874,Directed,1
696,325,875,Directed,1
697,325,876,Directed,1
698,325,877,Directed,1
699,325,878,Directed,1
700,327,328,Directed,1
701,327,685,Directed,1
702,328,552,Directed,1
703,328,553,Directed,1
704,328,554,Directed,1
705,331,332,Directed,1
706,332,634,Directed,1
707,332,1047,Directed,1
708,332,1048,Directed,1
709,332,1078,Directed,1
710,340,341,Directed,1
711,340,858,Directed,1
712,341,454,Directed,1
713,341,872,Directed,1
714,341,873,Directed,1
715,341,874,Directed,1
716,341,875,Directed,1
717,341,876,Directed,1
718,341,877,Directed,1
719,341,878,Directed,1
720,363,364,Directed,1
721,364,602,Directed,1
722,364,751,Directed,1
723,364,868,Directed,1
724,365,366,Directed,1
725,367,368,Directed,1
726,367,640,Directed,1
727,367,1270,Directed,1
728,369,370,Directed,2
729,369,527,Directed,1
730,369,1303,Directed,1
731,369,1304,Directed,1
732,369,1305,Directed,1
733,374,375,Directed,1
734,384,736,Directed,1
735,384,784,Directed,1
736,384,785,Directed,1
737,384,794,Directed,1
738,384,795,Directed,1
739,384,919,Directed,1
740,385,386,Directed,1
741,390,419,Directed,3
742,390,420,Directed,4
743,390,627,Directed,1
744,390,793,Directed,2
745,401,402,Directed,1
746,401,403,Directed,1
747,401,404,Directed,1
748,401,702,Directed,1
749,401,703,Directed,1
750,401,704,Directed,1
751,402,403,Directed,1
752,402,404,Directed,1
753,403,404,Directed,1
754,405,406,Directed,1
755,407,408,Directed,1
756,407,409,Directed,1
757,408,409,Directed,1
758,408,502,Directed,1
759,408,503,Directed,1
760,411,415,Directed,1
761,411,416,Directed,1
762,411,417,Directed,1
763,411,772,Directed,1
764,411,838,Directed,1
765,411,853,Directed,1
766,411,961,Directed,1
767,414,796,Directed,1
768,414,949,Directed,1
769,414,1136,Directed,1
770,416,417,Directed,1
771,417,1015,Directed,1
772,417,1016,Directed,1
773,419,420,Directed,3
774,419,793,Directed,2
775,420,793,Directed,2
776,422,423,Directed,1
777,423,447,Directed,1
778,423,463,Directed,1
779,423,1094,Directed,1
780,424,425,Directed,1
781,426,736,Directed,1
782,429,1020,Directed,1
783,441,442,Directed,1
784,441,490,Directed,1
785,441,491,Directed,1
786,441,492,Directed,1
787,441,493,Directed,1
788,446,447,Directed,1
789,446,902,Directed,1
790,447,1094,Directed,1
791,448,606,Directed,1
792,448,607,Directed,1
793,448,608,Directed,1
794,453,454,Directed,1
795,453,455,Directed,1
796,453,456,Directed,1
797,453,457,Directed,1
798,454,455,Directed,1
799,454,456,Directed,1
800,454,457,Directed,1
801,454,872,Directed,1
802,454,873,Directed,1
803,454,874,Directed,1
804,454,875,Directed,1
805,454,876,Directed,1
806,454,877,Directed,1
807,454,878,Directed,1
808,455,456,Directed,1
809,455,457,Directed,1
810,456,457,Directed,1
811,466,467,Directed,2
812,467,486,Directed,1
813,470,471,Directed,1
814,470,472,Directed,2
815,470,476,Directed,1
816,470,480,Directed,1
817,470,481,Directed,1
818,470,482,Directed,1
819,470,483,Directed,1
820,470,484,Directed,1
821,471,472,Directed,1
822,472,476,Directed,1
823,472,480,Directed,1
824,472,481,Directed,1
825,472,482,Directed,1
826,472,483,Directed,1
827,472,484,Directed,1
828,473,474,Directed,1
829,473,475,Directed,1
830,473,476,Directed,1
831,473,477,Directed,1
832,473,478,Directed,1
833,473,479,Directed,1
834,474,475,Directed,1
835,474,476,Directed,1
836,474,477,Directed,1
837,474,478,Directed,1
838,474,479,Directed,1
839,474,633,Directed,1
840,474,634,Directed,1
841,474,701,Directed,1
842,474,956,Directed,1
843,475,476,Directed,1
844,475,477,Directed,1
845,475,478,Directed,1
846,475,479,Directed,1
847,476,477,Directed,1
848,476,478,Directed,1
849,476,479,Directed,1
850,476,480,Directed,1
851,476,481,Directed,1
852,476,482,Directed,1
853,476,483,Directed,1
854,476,484,Directed,1
855,477,478,Directed,1
856,477,479,Directed,1
857,478,479,Directed,1
858,480,481,Directed,1
859,480,482,Directed,1
860,480,483,Directed,1
861,480,484,Directed,1
862,481,482,Directed,1
863,481,483,Directed,1
864,481,484,Directed,1
865,482,483,Directed,1
866,482,484,Directed,1
867,483,484,Directed,1
868,483,799,Directed,1
869,490,491,Directed,1
870,490,492,Directed,1
871,490,493,Directed,1
872,491,492,Directed,1
873,491,493,Directed,2
874,491,904,Directed,1
875,492,493,Directed,1
876,493,904,Directed,1
877,497,782,Directed,1
878,497,871,Directed,1
879,502,503,Directed,1
880,523,524,Directed,1
881,526,602,Directed,1
882,526,616,Directed,1
883,526,928,Directed,1
884,526,929,Directed,1
885,527,1303,Directed,1
886,527,1304,Directed,1
887,527,1305,Directed,1
888,535,536,Directed,1
889,540,541,Directed,1
890,541,665,Directed,1
891,541,669,Directed,1
892,541,1040,Directed,1
893,552,553,Directed,1
894,552,554,Directed,1
895,553,554,Directed,1
896,555,556,Directed,1
897,555,557,Directed,1
898,555,558,Directed,1
899,555,559,Directed,1
900,556,557,Directed,1
901,556,558,Directed,1
902,556,559,Directed,1
903,557,558,Directed,1
904,557,559,Directed,1
905,558,559,Directed,1
906,559,560,Directed,1
907,570,765,Directed,1
908,570,766,Directed,1
909,570,767,Directed,1
910,570,1245,Directed,2
911,574,575,Directed,1
912,574,576,Directed,1
913,574,577,Directed,1
914,574,578,Directed,1
915,574,579,Directed,1
916,575,576,Directed,1
917,575,577,Directed,1
918,575,578,Directed,1
919,575,579,Directed,1
920,576,577,Directed,1
921,576,578,Directed,1
922,576,579,Directed,1
923,577,578,Directed,1
924,577,579,Directed,1
925,578,579,Directed,1
926,602,616,Directed,1
927,602,928,Directed,1
928,602,929,Directed,1
929,606,607,Directed,1
930,606,608,Directed,1
931,607,608,Directed,1
932,616,928,Directed,1
933,616,929,Directed,1
934,633,634,Directed,1
935,634,790,Directed,1
936,634,815,Directed,1
937,634,923,Directed,1
938,634,924,Directed,1
939,634,925,Directed,1
940,634,941,Directed,1
941,634,942,Directed,1
942,634,943,Directed,1
943,634,944,Directed,1
944,634,1065,Directed,1
945,634,1066,Directed,1
946,634,1067,Directed,1
947,634,1068,Directed,1
948,634,1069,Directed,1
949,634,1070,Directed,1
950,634,1078,Directed,1
951,640,911,Directed,1
952,640,1270,Directed,1
953,643,644,Directed,1
954,643,645,Directed,1
955,644,645,Directed,1
956,661,1198,Directed,1
957,667,668,Directed,1
958,670,671,Directed,1
959,680,681,Directed,1
960,680,682,Directed,1
961,681,682,Directed,1
962,681,775,Directed,1
963,681,985,Directed,1
964,681,1089,Directed,1
965,691,692,Directed,1
966,691,693,Directed,1
967,691,694,Directed,1
968,691,695,Directed,1
969,691,884,Directed,1
970,692,693,Directed,1
971,692,694,Directed,1
972,692,695,Directed,1
973,692,1152,Directed,1
974,692,1153,Directed,1
975,693,694,Directed,1
976,693,695,Directed,1
977,694,695,Directed,1
978,702,703,Directed,1
979,702,704,Directed,1
980,703,704,Directed,1
981,703,709,Directed,1
982,736,919,Directed,1
983,736,1221,Directed,1
984,742,769,Directed,1
985,742,770,Directed,1
986,742,771,Directed,1
987,742,772,Directed,1
988,742,773,Directed,1
989,742,774,Directed,1
990,742,1120,Directed,1
991,742,1121,Directed,1
992,743,744,Directed,1
993,743,745,Directed,1
994,743,746,Directed,1
995,743,747,Directed,1
996,744,745,Directed,1
997,744,746,Directed,1
998,744,747,Directed,1
999,744,828,Directed,1
1000,744,829,Directed,1
1001,745,746,Directed,1
1002,745,747,Directed,1
1003,746,747,Directed,1
1004,751,752,Directed,1
1005,751,753,Directed,1
1006,751,754,Directed,1
1007,751,935,Directed,1
1008,751,1061,Directed,1
1009,752,753,Directed,1
1010,752,754,Directed,1
1011,753,754,Directed,1
1012,765,766,Directed,1
1013,765,767,Directed,1
1014,766,767,Directed,1
1015,769,770,Directed,1
1016,769,771,Directed,1
1017,769,772,Directed,1
1018,769,773,Directed,1
1019,769,774,Directed,1
1020,770,771,Directed,1
1021,770,772,Directed,1
1022,770,773,Directed,1
1023,770,774,Directed,1
1024,771,772,Directed,1
1025,771,773,Directed,1
1026,771,774,Directed,1
1027,772,773,Directed,1
1028,772,774,Directed,1
1029,772,853,Directed,1
1030,772,961,Directed,1
1031,773,774,Directed,1
1032,775,985,Directed,1
1033,775,1089,Directed,1
1034,775,1306,Directed,1
1035,775,1307,Directed,1
1036,778,779,Directed,1
1037,778,1029,Directed,1
1038,781,782,Directed,1
1039,782,856,Directed,1
1040,782,871,Directed,1
1041,784,785,Directed,2
1042,784,794,Directed,1
1043,784,795,Directed,1
1044,785,794,Directed,1
1045,785,795,Directed,1
1046,786,982,Directed,2
1047,790,795,Directed,1
1048,790,836,Directed,1
1049,790,882,Directed,1
1050,790,883,Directed,1
1051,790,941,Directed,1
1052,790,942,Directed,1
1053,790,943,Directed,1
1054,790,944,Directed,1
1055,794,795,Directed,1
1056,795,833,Directed,1
1057,795,834,Directed,1
1058,795,835,Directed,1
1059,795,836,Directed,1
1060,796,797,Directed,1
1061,796,798,Directed,1
1062,796,949,Directed,1
1063,797,798,Directed,1
1064,797,879,Directed,1
1065,815,816,Directed,1
1066,815,923,Directed,1
1067,815,924,Directed,1
1068,815,925,Directed,1
1069,817,818,Directed,1
1070,817,819,Directed,1
1071,817,820,Directed,1
1072,818,819,Directed,1
1073,818,820,Directed,1
1074,819,820,Directed,1
1075,822,1289,Directed,1
1076,828,829,Directed,1
1077,833,834,Directed,1
1078,833,835,Directed,1
1079,834,835,Directed,1
1080,841,842,Directed,1
1081,852,853,Directed,1
1082,853,961,Directed,1
1083,858,1285,Directed,1
1084,872,873,Directed,1
1085,872,874,Directed,1
1086,872,875,Directed,1
1087,872,876,Directed,1
1088,872,877,Directed,1
1089,872,878,Directed,1
1090,873,874,Directed,1
1091,873,875,Directed,1
1092,873,876,Directed,1
1093,873,877,Directed,1
1094,873,878,Directed,1
1095,873,940,Directed,1
1096,873,991,Directed,1
1097,874,875,Directed,1
1098,874,876,Directed,1
1099,874,877,Directed,1
1100,874,878,Directed,1
1101,875,876,Directed,1
1102,875,877,Directed,1
1103,875,878,Directed,1
1104,876,877,Directed,1
1105,876,878,Directed,1
1106,877,878,Directed,1
1107,882,883,Directed,1
1108,888,889,Directed,1
1109,923,924,Directed,1
1110,923,925,Directed,1
1111,924,925,Directed,1
1112,928,929,Directed,1
1113,938,939,Directed,1
1114,938,940,Directed,1
1115,938,954,Directed,1
1116,938,955,Directed,1
1117,938,1145,Directed,1
1118,939,940,Directed,1
1119,940,991,Directed,1
1120,941,942,Directed,1
1121,941,943,Directed,1
1122,941,944,Directed,1
1123,942,943,Directed,1
1124,942,944,Directed,1
1125,943,944,Directed,1
1126,947,948,Directed,1
1127,954,955,Directed,1
1128,958,959,Directed,1
1129,965,966,Directed,1
1130,968,1050,Directed,1
1131,974,975,Directed,1
1132,974,976,Directed,1
1133,975,976,Directed,1
1134,977,978,Directed,1
1135,977,979,Directed,1
1136,977,980,Directed,1
1137,978,979,Directed,1
1138,978,980,Directed,1
1139,979,980,Directed,1
1140,984,985,Directed,2
1141,984,986,Directed,1
1142,984,987,Directed,1
1143,985,986,Directed,1
1144,985,987,Directed,1
1145,985,1089,Directed,1
1146,986,987,Directed,1
1147,1015,1016,Directed,1
1148,1033,1034,Directed,1
1149,1047,1048,Directed,1
1150,1048,1053,Directed,1
1151,1048,1072,Directed,1
1152,1048,1073,Directed,1
1153,1053,1072,Directed,1
1154,1053,1073,Directed,1
1155,1065,1066,Directed,1
1156,1065,1067,Directed,1
1157,1065,1068,Directed,1
1158,1065,1069,Directed,1
1159,1065,1070,Directed,1
1160,1066,1067,Directed,1
1161,1066,1068,Directed,1
1162,1066,1069,Directed,1
1163,1066,1070,Directed,1
1164,1067,1068,Directed,1
1165,1067,1069,Directed,1
1166,1067,1070,Directed,2
1167,1068,1069,Directed,1
1168,1068,1070,Directed,1
1169,1069,1070,Directed,1
1170,1072,1073,Directed,1
1171,1080,1081,Directed,1
1172,1080,1082,Directed,1
1173,1081,1082,Directed,1
1174,1091,1092,Directed,1
1175,1099,1100,Directed,1
1176,1099,1101,Directed,1
1177,1099,1102,Directed,1
1178,1100,1101,Directed,1
1179,1100,1102,Directed,1
1180,1101,1102,Directed,1
1181,1120,1121,Directed,1
1182,1152,1153,Directed,1
1183,1227,1228,Directed,1
1184,1303,1304,Directed,1
1185,1303,1305,Directed,1
1186,1304,1305,Directed,1
1187,1306,1307,Directed,1
